{"res":[{"autoopen":false,"ftype":0,"id":0,"name":"朱偰 2017年 - 越南受降日记.pdf","progress":[{"readingPage":120,"readingPageOffset":77.49999769032009,"readingPercent":0.4671814739704132}],"readingProgressPage":120,"readingProgressPageOffset":77.49999769032009,"refhash":"edbb71496574b2fb80779cc0fc9b952e","refpath":"./Zotero/Zotero-data/storage/LXRCJ3ML/朱偰 2017年 - 越南受降日记.pdf","uuid":"e70b18b6db3ac300973cb080b529e196"}],"resid":1,"version":1}