{"res":[{"autoopen":false,"ftype":0,"id":0,"name":"001：作新社《万国历史》（1906年3月28日第11版）.pdf","progress":[{"readingPage":257,"readingPageOffset":25.4999992400408,"readingPercent":0.9961389899253845}],"readingProgressPage":257,"readingProgressPageOffset":25.4999992400408,"refhash":"24374561328b49daeb3cb304d20e572b","refpath":"D:/Zotero/Zotero-data/storage/JDV68C2S/001：作新社《万国历史》（1906年3月28日第11版）（大纲列表+带注释的pdf ）.pdf","uuid":"47a8f637e26e0633b8884c03594d6b2c"}],"resid":1,"version":1}